x,z,dx,dz,t,F1,F2
"[-0.074807, 0.717985]","[-0.133771, -0.07762]","[-3045.300925, 8452.998007]","[15862.255198, -15000.655979]",0.0,0.272509,7.408936
